source_year,source_series,source_track,source_name,normalized_paper_name,normalized_track,question_count,review_status,note
1990,G,,全国卷,全国卷,综合,1,approved,agent-reviewed high confidence: required fields present; track empty or consistent
1991,G,,全国卷,全国卷,综合,1,approved,agent-reviewed high confidence: required fields present; track empty or consistent
1999,G,理科,全国卷（理）,全国卷,理科,1,approved,agent-reviewed high confidence: required fields present; track empty or consistent
2002,G,理科,北京卷（理）,北京卷,理科,2,approved,agent-reviewed high confidence: required fields present; track empty or consistent
2003,G,,上海卷,上海卷,综合,1,approved,agent-reviewed high confidence: required fields present; track empty or consistent
2003,G,文科,北京卷（文）,北京卷,文科,1,approved,agent-reviewed high confidence: required fields present; track empty or consistent
2004,G,理科,全国II卷（理）,全国II卷,理科,1,approved,agent-reviewed high confidence: required fields present; track empty or consistent
2004,G,,北京春考,北京春考,综合,1,approved,agent-reviewed high confidence: required fields present; track empty or consistent
2004,G,文科,天津卷（文）,天津卷,文科,1,approved,agent-reviewed high confidence: required fields present; track empty or consistent
2004,G,理科,天津卷（理）,天津卷,理科,1,approved,agent-reviewed high confidence: required fields present; track empty or consistent
2004,G,理科,湖北卷（理）,湖北卷,理科,1,approved,agent-reviewed high confidence: required fields present; track empty or consistent
2005,G,,上海卷,上海卷,综合,1,approved,agent-reviewed high confidence: required fields present; track empty or consistent
2005,G,,全国III卷,全国III卷,综合,1,approved,agent-reviewed high confidence: required fields present; track empty or consistent
2005,G,,全国II卷,全国II卷,综合,1,approved,agent-reviewed high confidence: required fields present; track empty or consistent
2005,G,理科,全国II卷（理）,全国II卷,理科,1,approved,agent-reviewed high confidence: required fields present; track empty or consistent
2005,G,,全国卷II,全国卷II,综合,16,approved,agent-reviewed high confidence: required fields present; track empty or consistent
2005,G,理科,全国卷II（理）,全国卷II,理科,1,approved,agent-reviewed high confidence: required fields present; track empty or consistent
2005,G,理科,全国卷I（理）,全国卷I,理科,17,approved,agent-reviewed high confidence: required fields present; track empty or consistent
2005,G,理科,北京卷（理）,北京卷,理科,14,approved,agent-reviewed high confidence: required fields present; track empty or consistent
2005,G,,大纲II卷,大纲II卷,综合,1,approved,agent-reviewed high confidence: required fields present; track empty or consistent
2005,G,,大纲卷II,大纲卷II,综合,1,approved,agent-reviewed high confidence: required fields present; track empty or consistent
2005,G,,天津卷,天津卷,综合,1,approved,agent-reviewed high confidence: required fields present; track empty or consistent
2005,G,,江苏卷,江苏卷,综合,3,approved,agent-reviewed high confidence: required fields present; track empty or consistent
2005,G,文科,湖北卷（文）,湖北卷,文科,1,approved,agent-reviewed high confidence: required fields present; track empty or consistent
2005,G,理科,湖北卷（理）,湖北卷,理科,1,approved,agent-reviewed high confidence: required fields present; track empty or consistent
2005,G,,辽宁卷,辽宁卷,综合,2,approved,agent-reviewed high confidence: required fields present; track empty or consistent
2006,G,,上海卷,上海卷,综合,15,approved,agent-reviewed high confidence: required fields present; track empty or consistent
2006,G,,全国II卷,全国II卷,综合,1,approved,agent-reviewed high confidence: required fields present; track empty or consistent
2006,G,,全国I卷,全国I卷,综合,1,approved,agent-reviewed high confidence: required fields present; track empty or consistent
2006,G,理科,四川卷（理）,四川卷,理科,2,approved,agent-reviewed high confidence: required fields present; track empty or consistent
2006,G,文科,安徽卷（文）,安徽卷,文科,1,approved,agent-reviewed high confidence: required fields present; track empty or consistent
2006,G,,江西卷,江西卷,综合,1,approved,agent-reviewed high confidence: required fields present; track empty or consistent
2006,G,理科,江西卷（理）,江西卷,理科,2,approved,agent-reviewed high confidence: required fields present; track empty or consistent
2006,G,理科,辽宁卷（理）,辽宁卷,理科,1,approved,agent-reviewed high confidence: required fields present; track empty or consistent
2006,G,文科,陕西卷（文）,陕西卷,文科,16,approved,agent-reviewed high confidence: required fields present; track empty or consistent
2007,G,理科,四川卷（理）,四川卷,理科,1,approved,agent-reviewed high confidence: required fields present; track empty or consistent
2007,G,理科,安徽卷（理）,安徽卷,理科,1,approved,agent-reviewed high confidence: required fields present; track empty or consistent
2007,G,文科,广东卷（文）,广东卷,文科,1,approved,agent-reviewed high confidence: required fields present; track empty or consistent
2007,G,文科,湖北卷（文）,湖北卷,文科,2,approved,agent-reviewed high confidence: required fields present; track empty or consistent
2007,G,理科,湖北卷（理）,湖北卷,理科,1,approved,agent-reviewed high confidence: required fields present; track empty or consistent
2007,G,理科,辽宁卷（理）,辽宁卷,理科,1,approved,agent-reviewed high confidence: required fields present; track empty or consistent
2008,G,,上海卷,上海卷,综合,1,approved,agent-reviewed high confidence: required fields present; track empty or consistent
2008,G,文科,全国卷（文）,全国卷,文科,1,approved,agent-reviewed high confidence: required fields present; track empty or consistent
2008,G,理科,全国卷（理）,全国卷,理科,1,approved,agent-reviewed high confidence: required fields present; track empty or consistent
2008,G,理科,全国大纲卷（理）,全国大纲卷,理科,1,approved,agent-reviewed high confidence: required fields present; track empty or consistent
2008,G,理科,四川卷（理）,四川卷,理科,1,approved,agent-reviewed high confidence: required fields present; track empty or consistent
2008,G,文科,广东卷（文）,广东卷,文科,1,approved,agent-reviewed high confidence: required fields present; track empty or consistent
2008,G,,江苏卷,江苏卷,综合,1,approved,agent-reviewed high confidence: required fields present; track empty or consistent
2008,G,理科,江西卷（理）,江西卷,理科,14,approved,agent-reviewed high confidence: required fields present; track empty or consistent
2008,G,,湖南卷,湖南卷,综合,16,approved,agent-reviewed high confidence: required fields present; track empty or consistent
2008,G,理科,辽宁卷（理）,辽宁卷,理科,1,approved,agent-reviewed high confidence: required fields present; track empty or consistent
2009,G,,上海卷,上海卷,综合,1,approved,agent-reviewed high confidence: required fields present; track empty or consistent
2009,G,理科,天津卷（理）,天津卷,理科,14,approved,agent-reviewed high confidence: required fields present; track empty or consistent
2009,G,,江苏卷,江苏卷,综合,3,approved,agent-reviewed high confidence: required fields present; track empty or consistent
2009,G,,江西卷,江西卷,综合,2,approved,agent-reviewed high confidence: required fields present; track empty or consistent
2009,G,文科,江西卷（文）,江西卷,文科,1,approved,agent-reviewed high confidence: required fields present; track empty or consistent
2009,G,理科,江西卷（理）,江西卷,理科,1,approved,agent-reviewed high confidence: required fields present; track empty or consistent
2009,G,,港台华侨联考,港台华侨联考,综合,1,approved,agent-reviewed high confidence: required fields present; track empty or consistent
2009,G,理科,湖南卷（理）,湖南卷,理科,1,approved,agent-reviewed high confidence: required fields present; track empty or consistent
2009,G,理科,福建卷（理）,福建卷,理科,1,approved,agent-reviewed high confidence: required fields present; track empty or consistent
2009,G,,辽宁卷,辽宁卷,综合,1,approved,agent-reviewed high confidence: required fields present; track empty or consistent
2009,G,理科,陕西卷（理）,陕西卷,理科,1,approved,agent-reviewed high confidence: required fields present; track empty or consistent
2010,G,,上海卷,上海卷,综合,2,approved,agent-reviewed high confidence: required fields present; track empty or consistent
2010,G,理科,上海卷（理）,上海卷,理科,1,approved,agent-reviewed high confidence: required fields present; track empty or consistent
2010,G,理科,全国II卷（理）,全国II卷,理科,1,approved,agent-reviewed high confidence: required fields present; track empty or consistent
2010,G,理科,四川卷（理）,四川卷,理科,1,approved,agent-reviewed high confidence: required fields present; track empty or consistent
2010,G,文科,天津卷（文）,天津卷,文科,1,approved,agent-reviewed high confidence: required fields present; track empty or consistent
2010,G,,安徽卷,安徽卷,综合,1,approved,agent-reviewed high confidence: required fields present; track empty or consistent
2010,G,理科,安徽卷（理）,安徽卷,理科,1,approved,agent-reviewed high confidence: required fields present; track empty or consistent
2010,G,,江苏卷,江苏卷,综合,3,approved,agent-reviewed high confidence: required fields present; track empty or consistent
2010,G,,江西卷,江西卷,综合,1,approved,agent-reviewed high confidence: required fields present; track empty or consistent
2010,G,理科,江西卷（理）,江西卷,理科,1,approved,agent-reviewed high confidence: required fields present; track empty or consistent
2010,G,文科,浙江卷（文）,浙江卷,文科,1,approved,agent-reviewed high confidence: required fields present; track empty or consistent
2010,G,理科,浙江卷（理）,浙江卷,理科,2,approved,agent-reviewed high confidence: required fields present; track empty or consistent
2010,G,,湖北卷,湖北卷,综合,1,approved,agent-reviewed high confidence: required fields present; track empty or consistent
2010,G,理科,湖北卷（理）,湖北卷,理科,2,approved,agent-reviewed high confidence: required fields present; track empty or consistent
2010,G,理科,湖南卷（理）,湖南卷,理科,1,approved,agent-reviewed high confidence: required fields present; track empty or consistent
2010,G,理科,福建卷（理）,福建卷,理科,1,approved,agent-reviewed high confidence: required fields present; track empty or consistent
2010,G,理科,重庆卷（理）,重庆卷,理科,1,approved,agent-reviewed high confidence: required fields present; track empty or consistent
2011,G,理科,上海卷（理）,上海卷,理科,1,approved,agent-reviewed high confidence: required fields present; track empty or consistent
2011,G,,安徽卷,安徽卷,综合,1,approved,agent-reviewed high confidence: required fields present; track empty or consistent
2011,G,理科,安徽卷（理）,安徽卷,理科,2,approved,agent-reviewed high confidence: required fields present; track empty or consistent
2011,G,理科,山东卷（理）,山东卷,理科,1,approved,agent-reviewed high confidence: required fields present; track empty or consistent
2011,G,,江苏卷,江苏卷,综合,1,approved,agent-reviewed high confidence: required fields present; track empty or consistent
2011,G,,浙江卷,浙江卷,综合,2,approved,agent-reviewed high confidence: required fields present; track empty or consistent
2011,G,文科,浙江卷（文）,浙江卷,文科,1,approved,agent-reviewed high confidence: required fields present; track empty or consistent
2011,G,理科,浙江卷（理）,浙江卷,理科,1,approved,agent-reviewed high confidence: required fields present; track empty or consistent
2011,G,理科,湖北卷（理）,湖北卷,理科,14,approved,agent-reviewed high confidence: required fields present; track empty or consistent
2011,G,文科,湖南卷（文）,湖南卷,文科,2,approved,agent-reviewed high confidence: required fields present; track empty or consistent
2011,G,理科,湖南卷（理）,湖南卷,理科,1,approved,agent-reviewed high confidence: required fields present; track empty or consistent
2011,G,,福建卷,福建卷,综合,1,approved,agent-reviewed high confidence: required fields present; track empty or consistent
2011,G,,重庆卷,重庆卷,综合,1,approved,agent-reviewed high confidence: required fields present; track empty or consistent
2012,G,,上海卷,上海卷,综合,1,approved,agent-reviewed high confidence: required fields present; track empty or consistent
2012,G,文科,上海卷（文）,上海卷,文科,2,approved,agent-reviewed high confidence: required fields present; track empty or consistent
2012,G,理科,上海卷（理）,上海卷,理科,2,approved,agent-reviewed high confidence: required fields present; track empty or consistent
2012,G,理科,四川卷（理）,四川卷,理科,1,approved,agent-reviewed high confidence: required fields present; track empty or consistent
2012,G,理科,江苏卷（理）,江苏卷,理科,1,approved,agent-reviewed high confidence: required fields present; track empty or consistent
2012,G,理科,江西卷（理）,江西卷,理科,1,approved,agent-reviewed high confidence: required fields present; track empty or consistent
2012,G,文科,浙江卷（文）,浙江卷,文科,1,approved,agent-reviewed high confidence: required fields present; track empty or consistent
2012,G,理科,浙江卷（理）,浙江卷,理科,2,approved,agent-reviewed high confidence: required fields present; track empty or consistent
2012,G,文科,湖北卷（文）,湖北卷,文科,1,approved,agent-reviewed high confidence: required fields present; track empty or consistent
2012,G,文科,湖南卷（文）,湖南卷,文科,1,approved,agent-reviewed high confidence: required fields present; track empty or consistent
2012,G,理科,湖南卷（理）,湖南卷,理科,1,approved,agent-reviewed high confidence: required fields present; track empty or consistent
2012,G,理科,福建卷（理）,福建卷,理科,6,approved,agent-reviewed high confidence: required fields present; track empty or consistent
2012,G,文科,课标全国卷（文）,课标全国卷,文科,1,approved,agent-reviewed high confidence: required fields present; track empty or consistent
2012,G,理科,重庆卷（理）,重庆卷,理科,1,approved,agent-reviewed high confidence: required fields present; track empty or consistent
2013,G,,四川卷,四川卷,综合,1,approved,agent-reviewed high confidence: required fields present; track empty or consistent
2013,G,理科,大纲卷（理）,大纲卷,理科,1,approved,agent-reviewed high confidence: required fields present; track empty or consistent
2013,G,,安徽卷,安徽卷,综合,1,approved,agent-reviewed high confidence: required fields present; track empty or consistent
2013,G,文科,安徽卷（文）,安徽卷,文科,1,approved,agent-reviewed high confidence: required fields present; track empty or consistent
2013,G,文科,山东卷（文）,山东卷,文科,1,approved,agent-reviewed high confidence: required fields present; track empty or consistent
2013,G,理科,广东卷（理）,广东卷,理科,1,approved,agent-reviewed high confidence: required fields present; track empty or consistent
2013,G,,江苏卷,江苏卷,综合,1,approved,agent-reviewed high confidence: required fields present; track empty or consistent
2013,G,,浙江卷,浙江卷,综合,1,approved,agent-reviewed high confidence: required fields present; track empty or consistent
2013,G,文科,浙江卷（文）,浙江卷,文科,1,approved,agent-reviewed high confidence: required fields present; track empty or consistent
2013,G,理科,浙江卷（理）,浙江卷,理科,2,approved,agent-reviewed high confidence: required fields present; track empty or consistent
2013,G,,湖南卷,湖南卷,综合,1,approved,agent-reviewed high confidence: required fields present; track empty or consistent
2013,G,文科,湖南卷（文）,湖南卷,文科,3,approved,agent-reviewed high confidence: required fields present; track empty or consistent
2013,G,理科,湖南卷（理）,湖南卷,理科,3,approved,agent-reviewed high confidence: required fields present; track empty or consistent
2013,G,理科,重庆卷（理）,重庆卷,理科,1,approved,agent-reviewed high confidence: required fields present; track empty or consistent
2013,M,文科,广东卷（文）改,广东卷（文）改,文科,1,approved,agent-reviewed high confidence: required fields present; track empty or consistent
2014,G,理科,全国II卷（理）,全国II卷,理科,1,approved,agent-reviewed high confidence: required fields present; track empty or consistent
2014,G,理科,北京卷（理）,北京卷,理科,1,approved,agent-reviewed high confidence: required fields present; track empty or consistent
2014,G,理科,安徽卷（理）,安徽卷,理科,1,approved,agent-reviewed high confidence: required fields present; track empty or consistent
2014,G,文科,山东卷（文）,山东卷,文科,1,approved,agent-reviewed high confidence: required fields present; track empty or consistent
2014,G,,广东卷,广东卷,综合,1,approved,agent-reviewed high confidence: required fields present; track empty or consistent
2014,G,,江苏卷,江苏卷,综合,1,approved,agent-reviewed high confidence: required fields present; track empty or consistent
2014,G,文科,江西卷（文）,江西卷,文科,1,approved,agent-reviewed high confidence: required fields present; track empty or consistent
2014,G,理科,江西卷（理）,江西卷,理科,1,approved,agent-reviewed high confidence: required fields present; track empty or consistent
2014,G,文科,浙江卷（文）,浙江卷,文科,1,approved,agent-reviewed high confidence: required fields present; track empty or consistent
2014,G,理科,浙江卷（理）,浙江卷,理科,8,approved,agent-reviewed high confidence: required fields present; track empty or consistent
2014,G,,福建卷,福建卷,综合,1,approved,agent-reviewed high confidence: required fields present; track empty or consistent
2014,G,,课标全国II卷,课标全国II卷,综合,1,approved,agent-reviewed high confidence: required fields present; track empty or consistent
2014,G,,课标全国I卷,课标全国I卷,综合,1,approved,agent-reviewed high confidence: required fields present; track empty or consistent
2014,G,,陕西卷,陕西卷,综合,1,approved,agent-reviewed high confidence: required fields present; track empty or consistent
2014,W,理科,京都大学（理）,京都大学,理科,1,approved,agent-reviewed high confidence: required fields present; track empty or consistent
2015,G,文科,上海卷（文）,上海卷,文科,1,approved,agent-reviewed high confidence: required fields present; track empty or consistent
2015,G,理科,上海卷（理）,上海卷,理科,1,approved,agent-reviewed high confidence: required fields present; track empty or consistent
2015,G,理科,全国I卷（理）,全国I卷,理科,1,approved,agent-reviewed high confidence: required fields present; track empty or consistent
2015,G,,北京卷,北京卷,综合,1,approved,agent-reviewed high confidence: required fields present; track empty or consistent
2015,G,文科,北京卷（文）,北京卷,文科,1,approved,agent-reviewed high confidence: required fields present; track empty or consistent
2015,G,理科,安徽卷（理）,安徽卷,理科,1,approved,agent-reviewed high confidence: required fields present; track empty or consistent
2015,G,文科,新课标II卷（文）,新课标II卷,文科,1,approved,agent-reviewed high confidence: required fields present; track empty or consistent
2015,G,理科,新课标II卷（理）,新课标II卷,理科,1,approved,agent-reviewed high confidence: required fields present; track empty or consistent
2015,G,,江苏卷,江苏卷,综合,1,approved,agent-reviewed high confidence: required fields present; track empty or consistent
2015,G,理科,江苏卷（理）,江苏卷,理科,1,approved,agent-reviewed high confidence: required fields present; track empty or consistent
2015,G,文科,浙江卷（文）,浙江卷,文科,3,approved,agent-reviewed high confidence: required fields present; track empty or consistent
2015,G,理科,浙江卷（理）,浙江卷,理科,4,approved,agent-reviewed high confidence: required fields present; track empty or consistent
2015,G,,湖北卷,湖北卷,综合,1,approved,agent-reviewed high confidence: required fields present; track empty or consistent
2015,G,理科,湖南卷（理）,湖南卷,理科,1,approved,agent-reviewed high confidence: required fields present; track empty or consistent
2015,G,,福建卷,福建卷,综合,1,approved,agent-reviewed high confidence: required fields present; track empty or consistent
2015,G,理科,福建卷（理）,福建卷,理科,2,approved,agent-reviewed high confidence: required fields present; track empty or consistent
2015,G,文科,陕西卷（文）,陕西卷,文科,1,approved,agent-reviewed high confidence: required fields present; track empty or consistent
2016,G,,上海学考,上海学考,综合,1,approved,agent-reviewed high confidence: required fields present; track empty or consistent
2016,G,理科,全国II卷（理）,全国II卷,理科,2,approved,agent-reviewed high confidence: required fields present; track empty or consistent
2016,G,,全国I卷,全国I卷,综合,1,approved,agent-reviewed high confidence: required fields present; track empty or consistent
2016,G,,全国卷Ⅱ,全国卷Ⅱ,综合,1,approved,agent-reviewed high confidence: required fields present; track empty or consistent
2016,G,文科,北京卷（文）,北京卷,文科,1,approved,agent-reviewed high confidence: required fields present; track empty or consistent
2016,G,理科,四川卷（理）,四川卷,理科,16,approved,agent-reviewed high confidence: required fields present; track empty or consistent
2016,G,,新课标III卷,新课标III卷,综合,1,approved,agent-reviewed high confidence: required fields present; track empty or consistent
2016,G,,江苏卷,江苏卷,综合,3,approved,agent-reviewed high confidence: required fields present; track empty or consistent
2016,G,,浙江卷,浙江卷,综合,1,approved,agent-reviewed high confidence: required fields present; track empty or consistent
2016,G,文科,浙江卷（文、理）,浙江卷（文、理）,综合,1,approved,agent-reviewed: source name explicitly covers both liberal-arts and science tracks; keep normalized_track=comprehensive
2016,G,文科,浙江卷（文）,浙江卷,文科,2,approved,agent-reviewed high confidence: required fields present; track empty or consistent
2016,G,理科,浙江卷（理）,浙江卷,理科,1,approved,agent-reviewed high confidence: required fields present; track empty or consistent
2016,G,理科,课标III卷（理）,课标III卷,理科,1,approved,agent-reviewed high confidence: required fields present; track empty or consistent
2017,G,,上海卷,上海卷,综合,2,approved,agent-reviewed high confidence: required fields present; track empty or consistent
2017,G,文科,全国I卷（文）,全国I卷,文科,1,approved,agent-reviewed high confidence: required fields present; track empty or consistent
2017,G,文科,全国卷II（文）,全国卷II,文科,1,approved,agent-reviewed high confidence: required fields present; track empty or consistent
2017,G,,北京卷,北京卷,综合,1,approved,agent-reviewed high confidence: required fields present; track empty or consistent
2017,G,,新课标I卷,新课标I卷,综合,1,approved,agent-reviewed high confidence: required fields present; track empty or consistent
2017,G,,浙江卷,浙江卷,综合,1,approved,agent-reviewed high confidence: required fields present; track empty or consistent
2017,G,文科,浙江卷（文）,浙江卷,文科,1,approved,agent-reviewed high confidence: required fields present; track empty or consistent
2017,G,理科,浙江卷（理）,浙江卷,理科,1,approved,agent-reviewed high confidence: required fields present; track empty or consistent
2018,G,文科,全国III卷（文）,全国III卷,文科,1,approved,agent-reviewed high confidence: required fields present; track empty or consistent
2018,G,,全国II卷,全国II卷,综合,1,approved,agent-reviewed high confidence: required fields present; track empty or consistent
2018,G,,全国I卷,全国I卷,综合,2,approved,agent-reviewed high confidence: required fields present; track empty or consistent
2018,G,理科,全国I卷（理）,全国I卷,理科,3,approved,agent-reviewed high confidence: required fields present; track empty or consistent
2018,G,理科,全国卷II（理）,全国卷II,理科,1,approved,agent-reviewed high confidence: required fields present; track empty or consistent
2018,G,,北京卷,北京卷,综合,1,approved,agent-reviewed high confidence: required fields present; track empty or consistent
2018,G,文科,北京卷（文）,北京卷,文科,1,approved,agent-reviewed high confidence: required fields present; track empty or consistent
2018,G,理科,北京卷（理）,北京卷,理科,1,approved,agent-reviewed high confidence: required fields present; track empty or consistent
2018,G,,江苏卷,江苏卷,综合,4,approved,agent-reviewed high confidence: required fields present; track empty or consistent
2018,G,,浙江卷,浙江卷,综合,17,approved,agent-reviewed high confidence: required fields present; track empty or consistent
2018,M,,广东佛山一模,广东佛山一模,综合,1,approved,agent-reviewed high confidence: required fields present; track empty or consistent
2019,G,,上海卷,上海卷,综合,1,approved,agent-reviewed high confidence: required fields present; track empty or consistent
2019,G,,上海春考卷,上海春考卷,综合,1,approved,agent-reviewed high confidence: required fields present; track empty or consistent
2019,G,,全国II卷,全国II卷,综合,1,approved,agent-reviewed high confidence: required fields present; track empty or consistent
2019,G,文科,全国II卷（文）,全国II卷,文科,1,approved,agent-reviewed high confidence: required fields present; track empty or consistent
2019,G,文科,全国I卷（文）,全国I卷,文科,1,approved,agent-reviewed high confidence: required fields present; track empty or consistent
2019,G,理科,全国卷I（理）,全国卷I,理科,1,approved,agent-reviewed high confidence: required fields present; track empty or consistent
2019,G,,北京卷,北京卷,综合,1,approved,agent-reviewed high confidence: required fields present; track empty or consistent
2019,G,文科,北京卷（文）,北京卷,文科,1,approved,agent-reviewed high confidence: required fields present; track empty or consistent
2019,G,,江苏卷,江苏卷,综合,3,approved,agent-reviewed high confidence: required fields present; track empty or consistent
2019,G,,浙江卷,浙江卷,综合,3,approved,agent-reviewed high confidence: required fields present; track empty or consistent
2019,G,理科,课标I卷（理）,课标I卷,理科,1,approved,agent-reviewed high confidence: required fields present; track empty or consistent
2020,G,理科,全国III卷（理）,全国III卷,理科,1,approved,agent-reviewed high confidence: required fields present; track empty or consistent
2020,G,文科,全国II卷（文）,全国II卷,文科,18,approved,agent-reviewed high confidence: required fields present; track empty or consistent
2020,G,理科,全国II卷（理）,全国II卷,理科,17,approved,agent-reviewed high confidence: required fields present; track empty or consistent
2020,G,,全国I卷,全国I卷,综合,1,approved,agent-reviewed high confidence: required fields present; track empty or consistent
2020,G,理科,全国I卷（理）,全国I卷,理科,14,approved,agent-reviewed high confidence: required fields present; track empty or consistent
2020,G,理科,全国卷III（理）,全国卷III,理科,17,approved,agent-reviewed high confidence: required fields present; track empty or consistent
2020,G,,北京卷,北京卷,综合,1,approved,agent-reviewed high confidence: required fields present; track empty or consistent
2020,G,新高考,新高考II卷,新高考II卷,新高考,1,approved,agent-reviewed high confidence: required fields present; track empty or consistent
2020,G,新高考,新高考I卷,新高考I卷,新高考,18,approved,agent-reviewed high confidence: required fields present; track empty or consistent
2020,G,,江苏卷,江苏卷,综合,3,approved,agent-reviewed high confidence: required fields present; track empty or consistent
2020,G,,浙江卷,浙江卷,综合,15,approved,agent-reviewed high confidence: required fields present; track empty or consistent
2020,XS,,数圈创新卷,数圈创新卷,综合,1,approved,agent-reviewed high confidence: required fields present; track empty or consistent
2021,G,,上海卷,上海卷,综合,5,approved,agent-reviewed high confidence: required fields present; track empty or consistent
2021,G,理科,全国II卷（理）,全国II卷,理科,1,approved,agent-reviewed high confidence: required fields present; track empty or consistent
2021,G,理科,全国I卷（理）,全国I卷,理科,14,approved,agent-reviewed high confidence: required fields present; track empty or consistent
2021,G,,全国乙卷,全国乙卷,综合,1,approved,agent-reviewed high confidence: required fields present; track empty or consistent
2021,G,文科,全国乙卷（文）,全国乙卷,文科,2,approved,agent-reviewed high confidence: required fields present; track empty or consistent
2021,G,,全国甲卷,全国甲卷,综合,3,approved,agent-reviewed high confidence: required fields present; track empty or consistent
2021,G,理科,全国甲卷（理）,全国甲卷,理科,1,approved,agent-reviewed high confidence: required fields present; track empty or consistent
2021,G,,北京卷,北京卷,综合,4,approved,agent-reviewed high confidence: required fields present; track empty or consistent
2021,G,,天津卷,天津卷,综合,2,approved,agent-reviewed high confidence: required fields present; track empty or consistent
2021,G,,新课标I卷,新课标I卷,综合,3,approved,agent-reviewed high confidence: required fields present; track empty or consistent
2021,G,新高考,新高考II卷,新高考II卷,新高考,16,approved,agent-reviewed high confidence: required fields present; track empty or consistent
2021,G,新高考,新高考I卷,新高考I卷,新高考,23,approved,agent-reviewed high confidence: required fields present; track empty or consistent
2021,G,,浙江卷,浙江卷,综合,6,approved,agent-reviewed high confidence: required fields present; track empty or consistent
2021,M,文科,全国乙卷（文）改,全国乙卷（文）改,文科,1,approved,agent-reviewed high confidence: required fields present; track empty or consistent
2021,M,,八省联考,八省联考,综合,3,approved,agent-reviewed high confidence: required fields present; track empty or consistent
2021,QJ,,南京大学强基计划,南京大学强基计划,综合,1,approved,agent-reviewed high confidence: required fields present; track empty or consistent
2022,G,,上海卷,上海卷,综合,3,approved,agent-reviewed high confidence: required fields present; track empty or consistent
2022,G,,全国乙卷,全国乙卷,综合,2,approved,agent-reviewed high confidence: required fields present; track empty or consistent
2022,G,文科,全国乙卷（文）,全国乙卷,文科,2,approved,agent-reviewed high confidence: required fields present; track empty or consistent
2022,G,理科,全国乙卷（理）,全国乙卷,理科,1,approved,agent-reviewed high confidence: required fields present; track empty or consistent
2022,G,理科,全国甲卷（理）,全国甲卷,理科,2,approved,agent-reviewed high confidence: required fields present; track empty or consistent
2022,G,,北京卷,北京卷,综合,3,approved,agent-reviewed high confidence: required fields present; track empty or consistent
2022,G,,天津卷,天津卷,综合,2,approved,agent-reviewed high confidence: required fields present; track empty or consistent
2022,G,新高考,新高考II卷,新高考II卷,新高考,5,approved,agent-reviewed high confidence: required fields present; track empty or consistent
2022,G,新高考,新高考I卷,新高考I卷,新高考,3,approved,agent-reviewed high confidence: required fields present; track empty or consistent
2022,G,,浙江卷,浙江卷,综合,4,approved,agent-reviewed high confidence: required fields present; track empty or consistent
2022,XK,,浙江学考,浙江学考,综合,1,approved,agent-reviewed high confidence: required fields present; track empty or consistent
2023,G,,上海卷,上海卷,综合,2,approved,agent-reviewed high confidence: required fields present; track empty or consistent
2023,G,,上海春考,上海春考,综合,1,approved,agent-reviewed high confidence: required fields present; track empty or consistent
2023,G,,上海春考卷,上海春考卷,综合,1,approved,agent-reviewed high confidence: required fields present; track empty or consistent
2023,G,文科,全国II卷（文）,全国II卷,文科,1,approved,agent-reviewed high confidence: required fields present; track empty or consistent
2023,G,,全国乙卷,全国乙卷,综合,2,approved,agent-reviewed high confidence: required fields present; track empty or consistent
2023,G,文科,全国乙卷（文）,全国乙卷,文科,1,approved,agent-reviewed high confidence: required fields present; track empty or consistent
2023,G,理科,全国乙卷（理）,全国乙卷,理科,12,approved,agent-reviewed high confidence: required fields present; track empty or consistent
2023,G,,全国甲卷,全国甲卷,综合,1,approved,agent-reviewed high confidence: required fields present; track empty or consistent
2023,G,文科,全国甲卷（文）,全国甲卷,文科,2,approved,agent-reviewed high confidence: required fields present; track empty or consistent
2023,G,理科,全国甲卷（理）,全国甲卷,理科,2,approved,agent-reviewed high confidence: required fields present; track empty or consistent
2023,G,,北京卷,北京卷,综合,3,approved,agent-reviewed high confidence: required fields present; track empty or consistent
2023,G,,天津卷,天津卷,综合,2,approved,agent-reviewed high confidence: required fields present; track empty or consistent
2023,G,,新课标I,新课标I,综合,4,approved,agent-reviewed high confidence: required fields present; track empty or consistent
2023,G,,新课标II卷,新课标II卷,综合,3,approved,agent-reviewed high confidence: required fields present; track empty or consistent
2023,G,,新课标I卷,新课标I卷,综合,4,approved,agent-reviewed high confidence: required fields present; track empty or consistent
2023,G,新高考,新高考II卷,新高考II卷,新高考,1,approved,agent-reviewed high confidence: required fields present; track empty or consistent
2023,G,新高考,新高考I卷,新高考I卷,新高考,1,approved,agent-reviewed high confidence: required fields present; track empty or consistent
2023,JS,,东莞市预选赛,东莞市预选赛,综合,1,approved,agent-reviewed high confidence: required fields present; track empty or consistent
2023,M,,2023年Fiddie模拟预测卷,2023年Fiddie模拟预测卷,综合,1,approved,agent-reviewed high confidence: required fields present; track empty or consistent
2023,M,,2023年高考模拟试题(Fiddie卷),2023年高考模拟试题(Fiddie卷),综合,1,approved,agent-reviewed high confidence: required fields present; track empty or consistent
2024,G,,上海卷,上海卷,综合,3,approved,agent-reviewed high confidence: required fields present; track empty or consistent
2024,G,,上海春季高考,上海春季高考,综合,1,approved,agent-reviewed high confidence: required fields present; track empty or consistent
2024,G,文科,全国甲卷（文）,全国甲卷,文科,2,approved,agent-reviewed high confidence: required fields present; track empty or consistent
2024,G,理科,全国甲卷（理）,全国甲卷,理科,12,approved,agent-reviewed high confidence: required fields present; track empty or consistent
2024,G,,北京卷,北京卷,综合,3,approved,agent-reviewed high confidence: required fields present; track empty or consistent
2024,G,,天津卷,天津卷,综合,2,approved,agent-reviewed high confidence: required fields present; track empty or consistent
2024,G,,新课标III卷,新课标III卷,综合,2,approved,agent-reviewed high confidence: required fields present; track empty or consistent
2024,G,,新课标II卷,新课标II卷,综合,18,approved,agent-reviewed high confidence: required fields present; track empty or consistent
2024,G,,新课标I卷,新课标I卷,综合,18,approved,agent-reviewed high confidence: required fields present; track empty or consistent
2024,M,,2024届Fiddie学派第一次模拟考试,2024届Fiddie学派第一次模拟考试,综合,1,approved,agent-reviewed high confidence: required fields present; track empty or consistent
2024,M,,八省联考,八省联考,综合,1,approved,agent-reviewed high confidence: required fields present; track empty or consistent
2024,QJ,,上海交通大学强基计划,上海交通大学强基计划,综合,1,approved,agent-reviewed high confidence: required fields present; track empty or consistent
2024,QJ,,北京大学强基计划,北京大学强基计划,综合,1,approved,agent-reviewed high confidence: required fields present; track empty or consistent
2024,XK,,山东冬季学考,山东冬季学考,综合,1,approved,agent-reviewed high confidence: required fields present; track empty or consistent
2025,G,,上海卷,上海卷,综合,3,approved,agent-reviewed high confidence: required fields present; track empty or consistent
2025,G,,上海春季卷,上海春季卷,综合,1,approved,agent-reviewed high confidence: required fields present; track empty or consistent
2025,G,,上海春考卷,上海春考卷,综合,1,approved,agent-reviewed high confidence: required fields present; track empty or consistent
2025,G,,全国II卷,全国II卷,综合,19,approved,agent-reviewed high confidence: required fields present; track empty or consistent
2025,G,,全国I卷,全国I卷,综合,18,approved,agent-reviewed high confidence: required fields present; track empty or consistent
2025,G,,全国一卷,全国一卷,综合,4,approved,agent-reviewed high confidence: required fields present; track empty or consistent
2025,G,,北京卷,北京卷,综合,3,approved,agent-reviewed high confidence: required fields present; track empty or consistent
2025,G,,天津卷,天津卷,综合,3,approved,agent-reviewed high confidence: required fields present; track empty or consistent
2025,M,,2025 年“Fiddie 联盟”模拟测试,2025年“Fiddie联盟”模拟测试,综合,1,approved,agent-reviewed high confidence: required fields present; track empty or consistent
2025,M,,2025年Fiddie联盟模拟测试,2025年Fiddie联盟模拟测试,综合,2,approved,agent-reviewed high confidence: required fields present; track empty or consistent
2025,M,,港梦杯,港梦杯,综合,1,approved,agent-reviewed high confidence: required fields present; track empty or consistent
2025,QJ,,清华大学强基计划,清华大学强基计划,综合,1,approved,agent-reviewed high confidence: required fields present; track empty or consistent
2025,XS,,2025年漫游数海“回归课本联赛”,2025年漫游数海“回归课本联赛”,综合,1,approved,agent-reviewed high confidence: required fields present; track empty or consistent
2025,XS,,Fiddie联盟模拟测试,Fiddie联盟模拟测试,综合,1,approved,agent-reviewed high confidence: required fields present; track empty or consistent
2026,G,理科,上海卷（理）,上海卷,理科,1,approved,agent-reviewed high confidence: required fields present; track empty or consistent
2026,G,,上海春考卷,上海春考卷,综合,3,approved,agent-reviewed high confidence: required fields present; track empty or consistent
2026,G,,全国II卷,全国II卷,综合,14,approved,agent-reviewed high confidence: required fields present; track empty or consistent
2026,G,,新课标I卷,新课标I卷,综合,1,approved,agent-reviewed high confidence: required fields present; track empty or consistent
2026,G,新高考,新高考I卷,新高考I卷,新高考,18,approved,agent-reviewed high confidence: required fields present; track empty or consistent
2026,JS,,内蒙古预选赛,内蒙古预选赛,综合,1,approved,agent-reviewed high confidence: required fields present; track empty or consistent
2026,JS,,广东高中联赛预赛,广东高中联赛预赛,综合,1,approved,agent-reviewed high confidence: required fields present; track empty or consistent
2026,JS,,广州高中联赛预赛,广州高中联赛预赛,综合,1,approved,agent-reviewed high confidence: required fields present; track empty or consistent
2026,M,,2026年“数海漫游”第一次模拟考试,2026年“数海漫游”第一次模拟考试,综合,1,approved,agent-reviewed high confidence: required fields present; track empty or consistent
2026,M,,2026年普通高等学校招生全国统一考试数学模拟测试(五),2026年普通高等学校招生全国统一考试数学模拟测试(五),综合,2,approved,agent-reviewed high confidence: required fields present; track empty or consistent
2026,M,,2026年青岛市高三年级第一次适应性检测,2026年青岛市高三年级第一次适应性检测,综合,1,approved,agent-reviewed high confidence: required fields present; track empty or consistent
2026,M,,武汉市2026届高中毕业生三月调研考试,武汉市2026届高中毕业生三月调研考试,综合,1,approved,agent-reviewed high confidence: required fields present; track empty or consistent
2026,M,,江苏南京市、盐城市2026届高三年级第一次模拟考试,江苏南京市、盐城市2026届高三年级第一次模拟考试,综合,14,approved,agent-reviewed high confidence: required fields present; track empty or consistent
2026,M,,江苏省苏北七市2026届高三第一次调研测试,江苏省苏北七市2026届高三第一次调研测试,综合,1,approved,agent-reviewed high confidence: required fields present; track empty or consistent
2026,M,,泉州市2026届高中毕业班模拟考试(一),泉州市2026届高中毕业班模拟考试(一),综合,1,approved,agent-reviewed high confidence: required fields present; track empty or consistent
2026,M,,深圳中学2026届高三二轮二阶测试,深圳中学2026届高三二轮二阶测试,综合,19,approved,agent-reviewed high confidence: required fields present; track empty or consistent
2026,M,,深圳市高三年级第一次调研考试,深圳市高三年级第一次调研考试,综合,1,approved,agent-reviewed high confidence: required fields present; track empty or consistent
2026,M,,高三第一次调研测试,高三第一次调研测试,综合,7,approved,agent-reviewed high confidence: required fields present; track empty or consistent
